slide_id,rank,tile_path,alpha,x,y,slide_prob,y_true
56434814-cda8-4ee1-aafe-72d8c6729c97,1,data/tiles/56434814-cda8-4ee1-aafe-72d8c6729c97/56434814-cda8-4ee1-aafe-72d8c6729c97_x81408_y17152.png,0.0016276128590106964,81408,17152,0.8633389472961426,1
56434814-cda8-4ee1-aafe-72d8c6729c97,2,data/tiles/56434814-cda8-4ee1-aafe-72d8c6729c97/56434814-cda8-4ee1-aafe-72d8c6729c97_x27904_y18432.png,0.001575058326125145,27904,18432,0.8633389472961426,1
56434814-cda8-4ee1-aafe-72d8c6729c97,3,data/tiles/56434814-cda8-4ee1-aafe-72d8c6729c97/56434814-cda8-4ee1-aafe-72d8c6729c97_x128256_y27648.png,0.0015707756392657757,128256,27648,0.8633389472961426,1
56434814-cda8-4ee1-aafe-72d8c6729c97,4,data/tiles/56434814-cda8-4ee1-aafe-72d8c6729c97/56434814-cda8-4ee1-aafe-72d8c6729c97_x80896_y16640.png,0.0015649801352992654,80896,16640,0.8633389472961426,1
56434814-cda8-4ee1-aafe-72d8c6729c97,5,data/tiles/56434814-cda8-4ee1-aafe-72d8c6729c97/56434814-cda8-4ee1-aafe-72d8c6729c97_x80384_y16896.png,0.0015257889172062278,80384,16896,0.8633389472961426,1
56434814-cda8-4ee1-aafe-72d8c6729c97,6,data/tiles/56434814-cda8-4ee1-aafe-72d8c6729c97/56434814-cda8-4ee1-aafe-72d8c6729c97_x77312_y20992.png,0.001509480644017458,77312,20992,0.8633389472961426,1
56434814-cda8-4ee1-aafe-72d8c6729c97,7,data/tiles/56434814-cda8-4ee1-aafe-72d8c6729c97/56434814-cda8-4ee1-aafe-72d8c6729c97_x79872_y16384.png,0.0015080603770911694,79872,16384,0.8633389472961426,1
56434814-cda8-4ee1-aafe-72d8c6729c97,8,data/tiles/56434814-cda8-4ee1-aafe-72d8c6729c97/56434814-cda8-4ee1-aafe-72d8c6729c97_x63488_y11008.png,0.0014605643227696419,63488,11008,0.8633389472961426,1
56434814-cda8-4ee1-aafe-72d8c6729c97,9,data/tiles/56434814-cda8-4ee1-aafe-72d8c6729c97/56434814-cda8-4ee1-aafe-72d8c6729c97_x66048_y20480.png,0.0014015539782121778,66048,20480,0.8633389472961426,1
56434814-cda8-4ee1-aafe-72d8c6729c97,10,data/tiles/56434814-cda8-4ee1-aafe-72d8c6729c97/56434814-cda8-4ee1-aafe-72d8c6729c97_x56576_y15616.png,0.0013983570970594883,56576,15616,0.8633389472961426,1
56434814-cda8-4ee1-aafe-72d8c6729c97,11,data/tiles/56434814-cda8-4ee1-aafe-72d8c6729c97/56434814-cda8-4ee1-aafe-72d8c6729c97_x79616_y16128.png,0.0013902029022574425,79616,16128,0.8633389472961426,1
56434814-cda8-4ee1-aafe-72d8c6729c97,12,data/tiles/56434814-cda8-4ee1-aafe-72d8c6729c97/56434814-cda8-4ee1-aafe-72d8c6729c97_x131072_y23808.png,0.001388512784615159,131072,23808,0.8633389472961426,1
56434814-cda8-4ee1-aafe-72d8c6729c97,13,data/tiles/56434814-cda8-4ee1-aafe-72d8c6729c97/56434814-cda8-4ee1-aafe-72d8c6729c97_x79872_y16128.png,0.0013795281993225217,79872,16128,0.8633389472961426,1
56434814-cda8-4ee1-aafe-72d8c6729c97,14,data/tiles/56434814-cda8-4ee1-aafe-72d8c6729c97/56434814-cda8-4ee1-aafe-72d8c6729c97_x56832_y15616.png,0.001376398024149239,56832,15616,0.8633389472961426,1
56434814-cda8-4ee1-aafe-72d8c6729c97,15,data/tiles/56434814-cda8-4ee1-aafe-72d8c6729c97/56434814-cda8-4ee1-aafe-72d8c6729c97_x79360_y17152.png,0.001376370433717966,79360,17152,0.8633389472961426,1
56434814-cda8-4ee1-aafe-72d8c6729c97,16,data/tiles/56434814-cda8-4ee1-aafe-72d8c6729c97/56434814-cda8-4ee1-aafe-72d8c6729c97_x67584_y20224.png,0.001354162348434329,67584,20224,0.8633389472961426,1
cea82b7d-135a-49d5-b4f6-3fb0215f7188,1,data/tiles/cea82b7d-135a-49d5-b4f6-3fb0215f7188/cea82b7d-135a-49d5-b4f6-3fb0215f7188_x22272_y47104.png,0.0005645249038934708,22272,47104,0.774303674697876,1
cea82b7d-135a-49d5-b4f6-3fb0215f7188,2,data/tiles/cea82b7d-135a-49d5-b4f6-3fb0215f7188/cea82b7d-135a-49d5-b4f6-3fb0215f7188_x20992_y47872.png,0.000562703819014132,20992,47872,0.774303674697876,1
cea82b7d-135a-49d5-b4f6-3fb0215f7188,3,data/tiles/cea82b7d-135a-49d5-b4f6-3fb0215f7188/cea82b7d-135a-49d5-b4f6-3fb0215f7188_x31744_y22016.png,0.0005534550291486084,31744,22016,0.774303674697876,1
cea82b7d-135a-49d5-b4f6-3fb0215f7188,4,data/tiles/cea82b7d-135a-49d5-b4f6-3fb0215f7188/cea82b7d-135a-49d5-b4f6-3fb0215f7188_x21248_y47104.png,0.0005534093361347914,21248,47104,0.774303674697876,1
cea82b7d-135a-49d5-b4f6-3fb0215f7188,5,data/tiles/cea82b7d-135a-49d5-b4f6-3fb0215f7188/cea82b7d-135a-49d5-b4f6-3fb0215f7188_x32000_y20736.png,0.000553316727746278,32000,20736,0.774303674697876,1
cea82b7d-135a-49d5-b4f6-3fb0215f7188,6,data/tiles/cea82b7d-135a-49d5-b4f6-3fb0215f7188/cea82b7d-135a-49d5-b4f6-3fb0215f7188_x29440_y24576.png,0.0005528929177671671,29440,24576,0.774303674697876,1
cea82b7d-135a-49d5-b4f6-3fb0215f7188,7,data/tiles/cea82b7d-135a-49d5-b4f6-3fb0215f7188/cea82b7d-135a-49d5-b4f6-3fb0215f7188_x31744_y21760.png,0.0005515094962902367,31744,21760,0.774303674697876,1
cea82b7d-135a-49d5-b4f6-3fb0215f7188,8,data/tiles/cea82b7d-135a-49d5-b4f6-3fb0215f7188/cea82b7d-135a-49d5-b4f6-3fb0215f7188_x30208_y25088.png,0.0005484030116349459,30208,25088,0.774303674697876,1
cea82b7d-135a-49d5-b4f6-3fb0215f7188,9,data/tiles/cea82b7d-135a-49d5-b4f6-3fb0215f7188/cea82b7d-135a-49d5-b4f6-3fb0215f7188_x20992_y48128.png,0.0005479256506077945,20992,48128,0.774303674697876,1
cea82b7d-135a-49d5-b4f6-3fb0215f7188,10,data/tiles/cea82b7d-135a-49d5-b4f6-3fb0215f7188/cea82b7d-135a-49d5-b4f6-3fb0215f7188_x21504_y41216.png,0.0005475166835822165,21504,41216,0.774303674697876,1
cea82b7d-135a-49d5-b4f6-3fb0215f7188,11,data/tiles/cea82b7d-135a-49d5-b4f6-3fb0215f7188/cea82b7d-135a-49d5-b4f6-3fb0215f7188_x23808_y38912.png,0.0005443569389171898,23808,38912,0.774303674697876,1
cea82b7d-135a-49d5-b4f6-3fb0215f7188,12,data/tiles/cea82b7d-135a-49d5-b4f6-3fb0215f7188/cea82b7d-135a-49d5-b4f6-3fb0215f7188_x28416_y32256.png,0.0005420800298452377,28416,32256,0.774303674697876,1
cea82b7d-135a-49d5-b4f6-3fb0215f7188,13,data/tiles/cea82b7d-135a-49d5-b4f6-3fb0215f7188/cea82b7d-135a-49d5-b4f6-3fb0215f7188_x29952_y24576.png,0.0005415279883891344,29952,24576,0.774303674697876,1
cea82b7d-135a-49d5-b4f6-3fb0215f7188,14,data/tiles/cea82b7d-135a-49d5-b4f6-3fb0215f7188/cea82b7d-135a-49d5-b4f6-3fb0215f7188_x21504_y41472.png,0.0005399803631007671,21504,41472,0.774303674697876,1
cea82b7d-135a-49d5-b4f6-3fb0215f7188,15,data/tiles/cea82b7d-135a-49d5-b4f6-3fb0215f7188/cea82b7d-135a-49d5-b4f6-3fb0215f7188_x22272_y44800.png,0.0005355360335670412,22272,44800,0.774303674697876,1
cea82b7d-135a-49d5-b4f6-3fb0215f7188,16,data/tiles/cea82b7d-135a-49d5-b4f6-3fb0215f7188/cea82b7d-135a-49d5-b4f6-3fb0215f7188_x33792_y21504.png,0.0005350082064978778,33792,21504,0.774303674697876,1
8e161134-2fb7-44a3-8f4d-708095592419,1,data/tiles/8e161134-2fb7-44a3-8f4d-708095592419/8e161134-2fb7-44a3-8f4d-708095592419_x43520_y11520.png,0.0009575897129252553,43520,11520,0.8797076344490051,0
8e161134-2fb7-44a3-8f4d-708095592419,2,data/tiles/8e161134-2fb7-44a3-8f4d-708095592419/8e161134-2fb7-44a3-8f4d-708095592419_x36608_y16640.png,0.0009564136853441596,36608,16640,0.8797076344490051,0
8e161134-2fb7-44a3-8f4d-708095592419,3,data/tiles/8e161134-2fb7-44a3-8f4d-708095592419/8e161134-2fb7-44a3-8f4d-708095592419_x43520_y11008.png,0.0009211558499373496,43520,11008,0.8797076344490051,0
8e161134-2fb7-44a3-8f4d-708095592419,4,data/tiles/8e161134-2fb7-44a3-8f4d-708095592419/8e161134-2fb7-44a3-8f4d-708095592419_x64000_y14592.png,0.0009202768560498953,64000,14592,0.8797076344490051,0
8e161134-2fb7-44a3-8f4d-708095592419,5,data/tiles/8e161134-2fb7-44a3-8f4d-708095592419/8e161134-2fb7-44a3-8f4d-708095592419_x56320_y18432.png,0.0009194189915433526,56320,18432,0.8797076344490051,0
8e161134-2fb7-44a3-8f4d-708095592419,6,data/tiles/8e161134-2fb7-44a3-8f4d-708095592419/8e161134-2fb7-44a3-8f4d-708095592419_x43264_y13824.png,0.000919097161386162,43264,13824,0.8797076344490051,0
8e161134-2fb7-44a3-8f4d-708095592419,7,data/tiles/8e161134-2fb7-44a3-8f4d-708095592419/8e161134-2fb7-44a3-8f4d-708095592419_x52992_y18176.png,0.000917696685064584,52992,18176,0.8797076344490051,0
8e161134-2fb7-44a3-8f4d-708095592419,8,data/tiles/8e161134-2fb7-44a3-8f4d-708095592419/8e161134-2fb7-44a3-8f4d-708095592419_x18176_y13824.png,0.0009136334992945194,18176,13824,0.8797076344490051,0
8e161134-2fb7-44a3-8f4d-708095592419,9,data/tiles/8e161134-2fb7-44a3-8f4d-708095592419/8e161134-2fb7-44a3-8f4d-708095592419_x8960_y18176.png,0.0009056166745722294,8960,18176,0.8797076344490051,0
8e161134-2fb7-44a3-8f4d-708095592419,10,data/tiles/8e161134-2fb7-44a3-8f4d-708095592419/8e161134-2fb7-44a3-8f4d-708095592419_x63744_y15360.png,0.0009010985377244651,63744,15360,0.8797076344490051,0
8e161134-2fb7-44a3-8f4d-708095592419,11,data/tiles/8e161134-2fb7-44a3-8f4d-708095592419/8e161134-2fb7-44a3-8f4d-708095592419_x64000_y15104.png,0.0008999601704999804,64000,15104,0.8797076344490051,0
8e161134-2fb7-44a3-8f4d-708095592419,12,data/tiles/8e161134-2fb7-44a3-8f4d-708095592419/8e161134-2fb7-44a3-8f4d-708095592419_x34048_y5120.png,0.000892782467417419,34048,5120,0.8797076344490051,0
8e161134-2fb7-44a3-8f4d-708095592419,13,data/tiles/8e161134-2fb7-44a3-8f4d-708095592419/8e161134-2fb7-44a3-8f4d-708095592419_x44032_y7680.png,0.0008870080928318202,44032,7680,0.8797076344490051,0
8e161134-2fb7-44a3-8f4d-708095592419,14,data/tiles/8e161134-2fb7-44a3-8f4d-708095592419/8e161134-2fb7-44a3-8f4d-708095592419_x56320_y18176.png,0.0008844832773320377,56320,18176,0.8797076344490051,0
8e161134-2fb7-44a3-8f4d-708095592419,15,data/tiles/8e161134-2fb7-44a3-8f4d-708095592419/8e161134-2fb7-44a3-8f4d-708095592419_x65024_y10496.png,0.000881016138009727,65024,10496,0.8797076344490051,0
8e161134-2fb7-44a3-8f4d-708095592419,16,data/tiles/8e161134-2fb7-44a3-8f4d-708095592419/8e161134-2fb7-44a3-8f4d-708095592419_x39680_y14080.png,0.0008806057740002871,39680,14080,0.8797076344490051,0
8191fa1b-39a2-42fa-a059-b2cd04733190,1,data/tiles/8191fa1b-39a2-42fa-a059-b2cd04733190/8191fa1b-39a2-42fa-a059-b2cd04733190_x140544_y25344.png,0.004265459720045328,140544,25344,0.9971600770950317,1
8191fa1b-39a2-42fa-a059-b2cd04733190,2,data/tiles/8191fa1b-39a2-42fa-a059-b2cd04733190/8191fa1b-39a2-42fa-a059-b2cd04733190_x58880_y12544.png,0.0042618694715201855,58880,12544,0.9971600770950317,1
8191fa1b-39a2-42fa-a059-b2cd04733190,3,data/tiles/8191fa1b-39a2-42fa-a059-b2cd04733190/8191fa1b-39a2-42fa-a059-b2cd04733190_x73472_y16896.png,0.00424472289159894,73472,16896,0.9971600770950317,1
8191fa1b-39a2-42fa-a059-b2cd04733190,4,data/tiles/8191fa1b-39a2-42fa-a059-b2cd04733190/8191fa1b-39a2-42fa-a059-b2cd04733190_x18688_y18688.png,0.004203909542411566,18688,18688,0.9971600770950317,1
8191fa1b-39a2-42fa-a059-b2cd04733190,5,data/tiles/8191fa1b-39a2-42fa-a059-b2cd04733190/8191fa1b-39a2-42fa-a059-b2cd04733190_x73472_y13056.png,0.004188564606010914,73472,13056,0.9971600770950317,1
8191fa1b-39a2-42fa-a059-b2cd04733190,6,data/tiles/8191fa1b-39a2-42fa-a059-b2cd04733190/8191fa1b-39a2-42fa-a059-b2cd04733190_x153600_y22016.png,0.004175837617367506,153600,22016,0.9971600770950317,1
8191fa1b-39a2-42fa-a059-b2cd04733190,7,data/tiles/8191fa1b-39a2-42fa-a059-b2cd04733190/8191fa1b-39a2-42fa-a059-b2cd04733190_x140544_y25856.png,0.0041747922077775,140544,25856,0.9971600770950317,1
8191fa1b-39a2-42fa-a059-b2cd04733190,8,data/tiles/8191fa1b-39a2-42fa-a059-b2cd04733190/8191fa1b-39a2-42fa-a059-b2cd04733190_x140288_y27136.png,0.004161227960139513,140288,27136,0.9971600770950317,1
8191fa1b-39a2-42fa-a059-b2cd04733190,9,data/tiles/8191fa1b-39a2-42fa-a059-b2cd04733190/8191fa1b-39a2-42fa-a059-b2cd04733190_x57856_y11520.png,0.004150225780904293,57856,11520,0.9971600770950317,1
8191fa1b-39a2-42fa-a059-b2cd04733190,10,data/tiles/8191fa1b-39a2-42fa-a059-b2cd04733190/8191fa1b-39a2-42fa-a059-b2cd04733190_x153856_y26624.png,0.004121297504752874,153856,26624,0.9971600770950317,1
8191fa1b-39a2-42fa-a059-b2cd04733190,11,data/tiles/8191fa1b-39a2-42fa-a059-b2cd04733190/8191fa1b-39a2-42fa-a059-b2cd04733190_x140032_y27904.png,0.004112465772777796,140032,27904,0.9971600770950317,1
8191fa1b-39a2-42fa-a059-b2cd04733190,12,data/tiles/8191fa1b-39a2-42fa-a059-b2cd04733190/8191fa1b-39a2-42fa-a059-b2cd04733190_x74496_y15616.png,0.0041005839593708515,74496,15616,0.9971600770950317,1
8191fa1b-39a2-42fa-a059-b2cd04733190,13,data/tiles/8191fa1b-39a2-42fa-a059-b2cd04733190/8191fa1b-39a2-42fa-a059-b2cd04733190_x74496_y15872.png,0.004094727803021669,74496,15872,0.9971600770950317,1
8191fa1b-39a2-42fa-a059-b2cd04733190,14,data/tiles/8191fa1b-39a2-42fa-a059-b2cd04733190/8191fa1b-39a2-42fa-a059-b2cd04733190_x58624_y12800.png,0.004074710886925459,58624,12800,0.9971600770950317,1
8191fa1b-39a2-42fa-a059-b2cd04733190,15,data/tiles/8191fa1b-39a2-42fa-a059-b2cd04733190/8191fa1b-39a2-42fa-a059-b2cd04733190_x18432_y19200.png,0.004055364057421684,18432,19200,0.9971600770950317,1
8191fa1b-39a2-42fa-a059-b2cd04733190,16,data/tiles/8191fa1b-39a2-42fa-a059-b2cd04733190/8191fa1b-39a2-42fa-a059-b2cd04733190_x19456_y11520.png,0.004038043785840273,19456,11520,0.9971600770950317,1
ed523496-4475-46bc-b485-0d8852d2ac90,1,data/tiles/ed523496-4475-46bc-b485-0d8852d2ac90/ed523496-4475-46bc-b485-0d8852d2ac90_x121600_y18176.png,0.0004058677877765149,121600,18176,0.9988492727279663,1
ed523496-4475-46bc-b485-0d8852d2ac90,2,data/tiles/ed523496-4475-46bc-b485-0d8852d2ac90/ed523496-4475-46bc-b485-0d8852d2ac90_x83456_y35328.png,0.0004057346668560058,83456,35328,0.9988492727279663,1
ed523496-4475-46bc-b485-0d8852d2ac90,3,data/tiles/ed523496-4475-46bc-b485-0d8852d2ac90/ed523496-4475-46bc-b485-0d8852d2ac90_x115968_y36864.png,0.0004055594326928258,115968,36864,0.9988492727279663,1
ed523496-4475-46bc-b485-0d8852d2ac90,4,data/tiles/ed523496-4475-46bc-b485-0d8852d2ac90/ed523496-4475-46bc-b485-0d8852d2ac90_x71936_y29952.png,0.0004054888559039682,71936,29952,0.9988492727279663,1
ed523496-4475-46bc-b485-0d8852d2ac90,5,data/tiles/ed523496-4475-46bc-b485-0d8852d2ac90/ed523496-4475-46bc-b485-0d8852d2ac90_x20992_y40960.png,0.0004050068964716047,20992,40960,0.9988492727279663,1
ed523496-4475-46bc-b485-0d8852d2ac90,6,data/tiles/ed523496-4475-46bc-b485-0d8852d2ac90/ed523496-4475-46bc-b485-0d8852d2ac90_x118784_y26880.png,0.00040463299956172705,118784,26880,0.9988492727279663,1
ed523496-4475-46bc-b485-0d8852d2ac90,7,data/tiles/ed523496-4475-46bc-b485-0d8852d2ac90/ed523496-4475-46bc-b485-0d8852d2ac90_x112128_y36352.png,0.0004044092493131757,112128,36352,0.9988492727279663,1
ed523496-4475-46bc-b485-0d8852d2ac90,8,data/tiles/ed523496-4475-46bc-b485-0d8852d2ac90/ed523496-4475-46bc-b485-0d8852d2ac90_x24832_y38912.png,0.00040392400114797056,24832,38912,0.9988492727279663,1
ed523496-4475-46bc-b485-0d8852d2ac90,9,data/tiles/ed523496-4475-46bc-b485-0d8852d2ac90/ed523496-4475-46bc-b485-0d8852d2ac90_x121600_y17920.png,0.0004036752216052264,121600,17920,0.9988492727279663,1
ed523496-4475-46bc-b485-0d8852d2ac90,10,data/tiles/ed523496-4475-46bc-b485-0d8852d2ac90/ed523496-4475-46bc-b485-0d8852d2ac90_x121344_y17920.png,0.0004035733873024583,121344,17920,0.9988492727279663,1
ed523496-4475-46bc-b485-0d8852d2ac90,11,data/tiles/ed523496-4475-46bc-b485-0d8852d2ac90/ed523496-4475-46bc-b485-0d8852d2ac90_x115968_y36608.png,0.00040340350824408233,115968,36608,0.9988492727279663,1
ed523496-4475-46bc-b485-0d8852d2ac90,12,data/tiles/ed523496-4475-46bc-b485-0d8852d2ac90/ed523496-4475-46bc-b485-0d8852d2ac90_x17152_y34816.png,0.00040330944466404617,17152,34816,0.9988492727279663,1
ed523496-4475-46bc-b485-0d8852d2ac90,13,data/tiles/ed523496-4475-46bc-b485-0d8852d2ac90/ed523496-4475-46bc-b485-0d8852d2ac90_x17152_y34560.png,0.00040298147359862924,17152,34560,0.9988492727279663,1
ed523496-4475-46bc-b485-0d8852d2ac90,14,data/tiles/ed523496-4475-46bc-b485-0d8852d2ac90/ed523496-4475-46bc-b485-0d8852d2ac90_x75008_y36096.png,0.0004010228149127215,75008,36096,0.9988492727279663,1
ed523496-4475-46bc-b485-0d8852d2ac90,15,data/tiles/ed523496-4475-46bc-b485-0d8852d2ac90/ed523496-4475-46bc-b485-0d8852d2ac90_x111872_y35840.png,0.0004009851545561105,111872,35840,0.9988492727279663,1
ed523496-4475-46bc-b485-0d8852d2ac90,16,data/tiles/ed523496-4475-46bc-b485-0d8852d2ac90/ed523496-4475-46bc-b485-0d8852d2ac90_x23040_y39424.png,0.00040022123721428216,23040,39424,0.9988492727279663,1
bebedf40-ec66-4d65-98cb-f5465172134f,1,data/tiles/bebedf40-ec66-4d65-98cb-f5465172134f/bebedf40-ec66-4d65-98cb-f5465172134f_x90368_y15360.png,0.012620136141777039,90368,15360,0.8589674234390259,1
bebedf40-ec66-4d65-98cb-f5465172134f,2,data/tiles/bebedf40-ec66-4d65-98cb-f5465172134f/bebedf40-ec66-4d65-98cb-f5465172134f_x78080_y14848.png,0.012073047459125519,78080,14848,0.8589674234390259,1
bebedf40-ec66-4d65-98cb-f5465172134f,3,data/tiles/bebedf40-ec66-4d65-98cb-f5465172134f/bebedf40-ec66-4d65-98cb-f5465172134f_x90368_y15616.png,0.01200891938060522,90368,15616,0.8589674234390259,1
bebedf40-ec66-4d65-98cb-f5465172134f,4,data/tiles/bebedf40-ec66-4d65-98cb-f5465172134f/bebedf40-ec66-4d65-98cb-f5465172134f_x90368_y15872.png,0.01170190516859293,90368,15872,0.8589674234390259,1
bebedf40-ec66-4d65-98cb-f5465172134f,5,data/tiles/bebedf40-ec66-4d65-98cb-f5465172134f/bebedf40-ec66-4d65-98cb-f5465172134f_x90368_y16128.png,0.01161924097687006,90368,16128,0.8589674234390259,1
bebedf40-ec66-4d65-98cb-f5465172134f,6,data/tiles/bebedf40-ec66-4d65-98cb-f5465172134f/bebedf40-ec66-4d65-98cb-f5465172134f_x19712_y17664.png,0.01018521562218666,19712,17664,0.8589674234390259,1
bebedf40-ec66-4d65-98cb-f5465172134f,7,data/tiles/bebedf40-ec66-4d65-98cb-f5465172134f/bebedf40-ec66-4d65-98cb-f5465172134f_x88320_y18688.png,0.009051901288330555,88320,18688,0.8589674234390259,1
bebedf40-ec66-4d65-98cb-f5465172134f,8,data/tiles/bebedf40-ec66-4d65-98cb-f5465172134f/bebedf40-ec66-4d65-98cb-f5465172134f_x90368_y15104.png,0.008676344528794289,90368,15104,0.8589674234390259,1
bebedf40-ec66-4d65-98cb-f5465172134f,9,data/tiles/bebedf40-ec66-4d65-98cb-f5465172134f/bebedf40-ec66-4d65-98cb-f5465172134f_x78080_y15104.png,0.008199452422559261,78080,15104,0.8589674234390259,1
bebedf40-ec66-4d65-98cb-f5465172134f,10,data/tiles/bebedf40-ec66-4d65-98cb-f5465172134f/bebedf40-ec66-4d65-98cb-f5465172134f_x19200_y17152.png,0.008045738562941551,19200,17152,0.8589674234390259,1
bebedf40-ec66-4d65-98cb-f5465172134f,11,data/tiles/bebedf40-ec66-4d65-98cb-f5465172134f/bebedf40-ec66-4d65-98cb-f5465172134f_x89856_y18688.png,0.007797254249453545,89856,18688,0.8589674234390259,1
bebedf40-ec66-4d65-98cb-f5465172134f,12,data/tiles/bebedf40-ec66-4d65-98cb-f5465172134f/bebedf40-ec66-4d65-98cb-f5465172134f_x91648_y14848.png,0.007728208787739277,91648,14848,0.8589674234390259,1
bebedf40-ec66-4d65-98cb-f5465172134f,13,data/tiles/bebedf40-ec66-4d65-98cb-f5465172134f/bebedf40-ec66-4d65-98cb-f5465172134f_x90112_y12800.png,0.007428312674164772,90112,12800,0.8589674234390259,1
bebedf40-ec66-4d65-98cb-f5465172134f,14,data/tiles/bebedf40-ec66-4d65-98cb-f5465172134f/bebedf40-ec66-4d65-98cb-f5465172134f_x19712_y16128.png,0.007372040767222643,19712,16128,0.8589674234390259,1
bebedf40-ec66-4d65-98cb-f5465172134f,15,data/tiles/bebedf40-ec66-4d65-98cb-f5465172134f/bebedf40-ec66-4d65-98cb-f5465172134f_x81152_y11776.png,0.007299455348402262,81152,11776,0.8589674234390259,1
bebedf40-ec66-4d65-98cb-f5465172134f,16,data/tiles/bebedf40-ec66-4d65-98cb-f5465172134f/bebedf40-ec66-4d65-98cb-f5465172134f_x19712_y17152.png,0.006953421980142593,19712,17152,0.8589674234390259,1
b3cae8de-1bba-407c-9334-c035ddd12bd2,1,data/tiles/b3cae8de-1bba-407c-9334-c035ddd12bd2/b3cae8de-1bba-407c-9334-c035ddd12bd2_x9984_y14848.png,0.008981416001915932,9984,14848,0.9622867703437805,1
b3cae8de-1bba-407c-9334-c035ddd12bd2,2,data/tiles/b3cae8de-1bba-407c-9334-c035ddd12bd2/b3cae8de-1bba-407c-9334-c035ddd12bd2_x10240_y14592.png,0.00890056136995554,10240,14592,0.9622867703437805,1
b3cae8de-1bba-407c-9334-c035ddd12bd2,3,data/tiles/b3cae8de-1bba-407c-9334-c035ddd12bd2/b3cae8de-1bba-407c-9334-c035ddd12bd2_x10240_y14336.png,0.008576263673603535,10240,14336,0.9622867703437805,1
b3cae8de-1bba-407c-9334-c035ddd12bd2,4,data/tiles/b3cae8de-1bba-407c-9334-c035ddd12bd2/b3cae8de-1bba-407c-9334-c035ddd12bd2_x9984_y15104.png,0.008561692200601101,9984,15104,0.9622867703437805,1
b3cae8de-1bba-407c-9334-c035ddd12bd2,5,data/tiles/b3cae8de-1bba-407c-9334-c035ddd12bd2/b3cae8de-1bba-407c-9334-c035ddd12bd2_x9728_y15360.png,0.00837860070168972,9728,15360,0.9622867703437805,1
b3cae8de-1bba-407c-9334-c035ddd12bd2,6,data/tiles/b3cae8de-1bba-407c-9334-c035ddd12bd2/b3cae8de-1bba-407c-9334-c035ddd12bd2_x78848_y17664.png,0.008212204091250896,78848,17664,0.9622867703437805,1
b3cae8de-1bba-407c-9334-c035ddd12bd2,7,data/tiles/b3cae8de-1bba-407c-9334-c035ddd12bd2/b3cae8de-1bba-407c-9334-c035ddd12bd2_x9216_y14080.png,0.007779616396874189,9216,14080,0.9622867703437805,1
b3cae8de-1bba-407c-9334-c035ddd12bd2,8,data/tiles/b3cae8de-1bba-407c-9334-c035ddd12bd2/b3cae8de-1bba-407c-9334-c035ddd12bd2_x2560_y29440.png,0.007679377216845751,2560,29440,0.9622867703437805,1
b3cae8de-1bba-407c-9334-c035ddd12bd2,9,data/tiles/b3cae8de-1bba-407c-9334-c035ddd12bd2/b3cae8de-1bba-407c-9334-c035ddd12bd2_x8960_y16896.png,0.0074999467469751835,8960,16896,0.9622867703437805,1
b3cae8de-1bba-407c-9334-c035ddd12bd2,10,data/tiles/b3cae8de-1bba-407c-9334-c035ddd12bd2/b3cae8de-1bba-407c-9334-c035ddd12bd2_x9728_y15104.png,0.007484884466975927,9728,15104,0.9622867703437805,1
b3cae8de-1bba-407c-9334-c035ddd12bd2,11,data/tiles/b3cae8de-1bba-407c-9334-c035ddd12bd2/b3cae8de-1bba-407c-9334-c035ddd12bd2_x71168_y30976.png,0.0074197943322360516,71168,30976,0.9622867703437805,1
b3cae8de-1bba-407c-9334-c035ddd12bd2,12,data/tiles/b3cae8de-1bba-407c-9334-c035ddd12bd2/b3cae8de-1bba-407c-9334-c035ddd12bd2_x9728_y15616.png,0.007142150308936834,9728,15616,0.9622867703437805,1
b3cae8de-1bba-407c-9334-c035ddd12bd2,13,data/tiles/b3cae8de-1bba-407c-9334-c035ddd12bd2/b3cae8de-1bba-407c-9334-c035ddd12bd2_x91136_y10240.png,0.007098623551428318,91136,10240,0.9622867703437805,1
b3cae8de-1bba-407c-9334-c035ddd12bd2,14,data/tiles/b3cae8de-1bba-407c-9334-c035ddd12bd2/b3cae8de-1bba-407c-9334-c035ddd12bd2_x71168_y31232.png,0.006884146947413683,71168,31232,0.9622867703437805,1
b3cae8de-1bba-407c-9334-c035ddd12bd2,15,data/tiles/b3cae8de-1bba-407c-9334-c035ddd12bd2/b3cae8de-1bba-407c-9334-c035ddd12bd2_x2560_y29952.png,0.006866564508527517,2560,29952,0.9622867703437805,1
b3cae8de-1bba-407c-9334-c035ddd12bd2,16,data/tiles/b3cae8de-1bba-407c-9334-c035ddd12bd2/b3cae8de-1bba-407c-9334-c035ddd12bd2_x9984_y14336.png,0.006284208502620459,9984,14336,0.9622867703437805,1
b9f34ab5-0250-41ab-9756-33d919a12532,1,data/tiles/b9f34ab5-0250-41ab-9756-33d919a12532/b9f34ab5-0250-41ab-9756-33d919a12532_x47104_y9728.png,0.01091947965323925,47104,9728,0.8596322536468506,0
b9f34ab5-0250-41ab-9756-33d919a12532,2,data/tiles/b9f34ab5-0250-41ab-9756-33d919a12532/b9f34ab5-0250-41ab-9756-33d919a12532_x50688_y10496.png,0.009250285103917122,50688,10496,0.8596322536468506,0
b9f34ab5-0250-41ab-9756-33d919a12532,3,data/tiles/b9f34ab5-0250-41ab-9756-33d919a12532/b9f34ab5-0250-41ab-9756-33d919a12532_x47104_y9984.png,0.008395611308515072,47104,9984,0.8596322536468506,0
b9f34ab5-0250-41ab-9756-33d919a12532,4,data/tiles/b9f34ab5-0250-41ab-9756-33d919a12532/b9f34ab5-0250-41ab-9756-33d919a12532_x47616_y9216.png,0.008321945555508137,47616,9216,0.8596322536468506,0
b9f34ab5-0250-41ab-9756-33d919a12532,5,data/tiles/b9f34ab5-0250-41ab-9756-33d919a12532/b9f34ab5-0250-41ab-9756-33d919a12532_x9216_y5888.png,0.008280999027192593,9216,5888,0.8596322536468506,0
b9f34ab5-0250-41ab-9756-33d919a12532,6,data/tiles/b9f34ab5-0250-41ab-9756-33d919a12532/b9f34ab5-0250-41ab-9756-33d919a12532_x5120_y23296.png,0.00792185589671135,5120,23296,0.8596322536468506,0
b9f34ab5-0250-41ab-9756-33d919a12532,7,data/tiles/b9f34ab5-0250-41ab-9756-33d919a12532/b9f34ab5-0250-41ab-9756-33d919a12532_x11264_y20992.png,0.0074936808086931705,11264,20992,0.8596322536468506,0
b9f34ab5-0250-41ab-9756-33d919a12532,8,data/tiles/b9f34ab5-0250-41ab-9756-33d919a12532/b9f34ab5-0250-41ab-9756-33d919a12532_x13056_y21248.png,0.0072922613471746445,13056,21248,0.8596322536468506,0
b9f34ab5-0250-41ab-9756-33d919a12532,9,data/tiles/b9f34ab5-0250-41ab-9756-33d919a12532/b9f34ab5-0250-41ab-9756-33d919a12532_x56832_y11264.png,0.007237783167511225,56832,11264,0.8596322536468506,0
b9f34ab5-0250-41ab-9756-33d919a12532,10,data/tiles/b9f34ab5-0250-41ab-9756-33d919a12532/b9f34ab5-0250-41ab-9756-33d919a12532_x47616_y9728.png,0.0069827972911298275,47616,9728,0.8596322536468506,0
b9f34ab5-0250-41ab-9756-33d919a12532,11,data/tiles/b9f34ab5-0250-41ab-9756-33d919a12532/b9f34ab5-0250-41ab-9756-33d919a12532_x13568_y21504.png,0.006951973307877779,13568,21504,0.8596322536468506,0
b9f34ab5-0250-41ab-9756-33d919a12532,12,data/tiles/b9f34ab5-0250-41ab-9756-33d919a12532/b9f34ab5-0250-41ab-9756-33d919a12532_x12544_y20992.png,0.006867304909974337,12544,20992,0.8596322536468506,0
b9f34ab5-0250-41ab-9756-33d919a12532,13,data/tiles/b9f34ab5-0250-41ab-9756-33d919a12532/b9f34ab5-0250-41ab-9756-33d919a12532_x9216_y22016.png,0.006823578849434853,9216,22016,0.8596322536468506,0
b9f34ab5-0250-41ab-9756-33d919a12532,14,data/tiles/b9f34ab5-0250-41ab-9756-33d919a12532/b9f34ab5-0250-41ab-9756-33d919a12532_x50176_y9984.png,0.00680625531822443,50176,9984,0.8596322536468506,0
b9f34ab5-0250-41ab-9756-33d919a12532,15,data/tiles/b9f34ab5-0250-41ab-9756-33d919a12532/b9f34ab5-0250-41ab-9756-33d919a12532_x11264_y8192.png,0.006737221963703632,11264,8192,0.8596322536468506,0
b9f34ab5-0250-41ab-9756-33d919a12532,16,data/tiles/b9f34ab5-0250-41ab-9756-33d919a12532/b9f34ab5-0250-41ab-9756-33d919a12532_x37632_y5632.png,0.006718365475535393,37632,5632,0.8596322536468506,0
dc0ccc69-ce1a-44ac-952b-416b9a889a32,1,data/tiles/dc0ccc69-ce1a-44ac-952b-416b9a889a32/dc0ccc69-ce1a-44ac-952b-416b9a889a32_x83968_y18688.png,0.000792411738075316,83968,18688,0.6539671421051025,1
dc0ccc69-ce1a-44ac-952b-416b9a889a32,2,data/tiles/dc0ccc69-ce1a-44ac-952b-416b9a889a32/dc0ccc69-ce1a-44ac-952b-416b9a889a32_x26880_y8192.png,0.0007759594009257853,26880,8192,0.6539671421051025,1
dc0ccc69-ce1a-44ac-952b-416b9a889a32,3,data/tiles/dc0ccc69-ce1a-44ac-952b-416b9a889a32/dc0ccc69-ce1a-44ac-952b-416b9a889a32_x21504_y15360.png,0.0006848693592473865,21504,15360,0.6539671421051025,1
dc0ccc69-ce1a-44ac-952b-416b9a889a32,4,data/tiles/dc0ccc69-ce1a-44ac-952b-416b9a889a32/dc0ccc69-ce1a-44ac-952b-416b9a889a32_x24320_y20480.png,0.0006453453097492456,24320,20480,0.6539671421051025,1
dc0ccc69-ce1a-44ac-952b-416b9a889a32,5,data/tiles/dc0ccc69-ce1a-44ac-952b-416b9a889a32/dc0ccc69-ce1a-44ac-952b-416b9a889a32_x21248_y7424.png,0.0006317389197647572,21248,7424,0.6539671421051025,1
dc0ccc69-ce1a-44ac-952b-416b9a889a32,6,data/tiles/dc0ccc69-ce1a-44ac-952b-416b9a889a32/dc0ccc69-ce1a-44ac-952b-416b9a889a32_x21248_y14336.png,0.0006131849950179458,21248,14336,0.6539671421051025,1
dc0ccc69-ce1a-44ac-952b-416b9a889a32,7,data/tiles/dc0ccc69-ce1a-44ac-952b-416b9a889a32/dc0ccc69-ce1a-44ac-952b-416b9a889a32_x16128_y5888.png,0.0006096087745390832,16128,5888,0.6539671421051025,1
dc0ccc69-ce1a-44ac-952b-416b9a889a32,8,data/tiles/dc0ccc69-ce1a-44ac-952b-416b9a889a32/dc0ccc69-ce1a-44ac-952b-416b9a889a32_x15104_y4608.png,0.0005986165488138795,15104,4608,0.6539671421051025,1
dc0ccc69-ce1a-44ac-952b-416b9a889a32,9,data/tiles/dc0ccc69-ce1a-44ac-952b-416b9a889a32/dc0ccc69-ce1a-44ac-952b-416b9a889a32_x83968_y18944.png,0.0005967182223685086,83968,18944,0.6539671421051025,1
dc0ccc69-ce1a-44ac-952b-416b9a889a32,10,data/tiles/dc0ccc69-ce1a-44ac-952b-416b9a889a32/dc0ccc69-ce1a-44ac-952b-416b9a889a32_x27392_y8448.png,0.0005642300238832831,27392,8448,0.6539671421051025,1
dc0ccc69-ce1a-44ac-952b-416b9a889a32,11,data/tiles/dc0ccc69-ce1a-44ac-952b-416b9a889a32/dc0ccc69-ce1a-44ac-952b-416b9a889a32_x5120_y12288.png,0.0005583451129496098,5120,12288,0.6539671421051025,1
dc0ccc69-ce1a-44ac-952b-416b9a889a32,12,data/tiles/dc0ccc69-ce1a-44ac-952b-416b9a889a32/dc0ccc69-ce1a-44ac-952b-416b9a889a32_x86528_y24320.png,0.0005506770103238523,86528,24320,0.6539671421051025,1
dc0ccc69-ce1a-44ac-952b-416b9a889a32,13,data/tiles/dc0ccc69-ce1a-44ac-952b-416b9a889a32/dc0ccc69-ce1a-44ac-952b-416b9a889a32_x78848_y9728.png,0.0005456610233522952,78848,9728,0.6539671421051025,1
dc0ccc69-ce1a-44ac-952b-416b9a889a32,14,data/tiles/dc0ccc69-ce1a-44ac-952b-416b9a889a32/dc0ccc69-ce1a-44ac-952b-416b9a889a32_x65536_y13056.png,0.0005337951006367803,65536,13056,0.6539671421051025,1
dc0ccc69-ce1a-44ac-952b-416b9a889a32,15,data/tiles/dc0ccc69-ce1a-44ac-952b-416b9a889a32/dc0ccc69-ce1a-44ac-952b-416b9a889a32_x16896_y9984.png,0.0005323276855051517,16896,9984,0.6539671421051025,1
dc0ccc69-ce1a-44ac-952b-416b9a889a32,16,data/tiles/dc0ccc69-ce1a-44ac-952b-416b9a889a32/dc0ccc69-ce1a-44ac-952b-416b9a889a32_x21504_y15104.png,0.0005317482282407582,21504,15104,0.6539671421051025,1
9ee1203d-29d2-40a5-9d19-9ab82d2d398b,1,data/tiles/9ee1203d-29d2-40a5-9d19-9ab82d2d398b/9ee1203d-29d2-40a5-9d19-9ab82d2d398b_x49408_y15104.png,0.016260113567113876,49408,15104,0.7482060790061951,0
9ee1203d-29d2-40a5-9d19-9ab82d2d398b,2,data/tiles/9ee1203d-29d2-40a5-9d19-9ab82d2d398b/9ee1203d-29d2-40a5-9d19-9ab82d2d398b_x40704_y13824.png,0.015920741483569145,40704,13824,0.7482060790061951,0
9ee1203d-29d2-40a5-9d19-9ab82d2d398b,3,data/tiles/9ee1203d-29d2-40a5-9d19-9ab82d2d398b/9ee1203d-29d2-40a5-9d19-9ab82d2d398b_x39936_y13056.png,0.015577208250761032,39936,13056,0.7482060790061951,0
9ee1203d-29d2-40a5-9d19-9ab82d2d398b,4,data/tiles/9ee1203d-29d2-40a5-9d19-9ab82d2d398b/9ee1203d-29d2-40a5-9d19-9ab82d2d398b_x26368_y2816.png,0.015204367227852345,26368,2816,0.7482060790061951,0
9ee1203d-29d2-40a5-9d19-9ab82d2d398b,5,data/tiles/9ee1203d-29d2-40a5-9d19-9ab82d2d398b/9ee1203d-29d2-40a5-9d19-9ab82d2d398b_x47104_y14848.png,0.014528184197843075,47104,14848,0.7482060790061951,0
9ee1203d-29d2-40a5-9d19-9ab82d2d398b,6,data/tiles/9ee1203d-29d2-40a5-9d19-9ab82d2d398b/9ee1203d-29d2-40a5-9d19-9ab82d2d398b_x38912_y13824.png,0.013505966402590275,38912,13824,0.7482060790061951,0
9ee1203d-29d2-40a5-9d19-9ab82d2d398b,7,data/tiles/9ee1203d-29d2-40a5-9d19-9ab82d2d398b/9ee1203d-29d2-40a5-9d19-9ab82d2d398b_x49152_y15360.png,0.013259770348668098,49152,15360,0.7482060790061951,0
9ee1203d-29d2-40a5-9d19-9ab82d2d398b,8,data/tiles/9ee1203d-29d2-40a5-9d19-9ab82d2d398b/9ee1203d-29d2-40a5-9d19-9ab82d2d398b_x39680_y13056.png,0.01284521259367466,39680,13056,0.7482060790061951,0
9ee1203d-29d2-40a5-9d19-9ab82d2d398b,9,data/tiles/9ee1203d-29d2-40a5-9d19-9ab82d2d398b/9ee1203d-29d2-40a5-9d19-9ab82d2d398b_x16640_y3328.png,0.012816237285733223,16640,3328,0.7482060790061951,0
9ee1203d-29d2-40a5-9d19-9ab82d2d398b,10,data/tiles/9ee1203d-29d2-40a5-9d19-9ab82d2d398b/9ee1203d-29d2-40a5-9d19-9ab82d2d398b_x47360_y16128.png,0.012306121177971363,47360,16128,0.7482060790061951,0
9ee1203d-29d2-40a5-9d19-9ab82d2d398b,11,data/tiles/9ee1203d-29d2-40a5-9d19-9ab82d2d398b/9ee1203d-29d2-40a5-9d19-9ab82d2d398b_x47616_y15872.png,0.012250968255102634,47616,15872,0.7482060790061951,0
9ee1203d-29d2-40a5-9d19-9ab82d2d398b,12,data/tiles/9ee1203d-29d2-40a5-9d19-9ab82d2d398b/9ee1203d-29d2-40a5-9d19-9ab82d2d398b_x40192_y12544.png,0.011950546875596046,40192,12544,0.7482060790061951,0
9ee1203d-29d2-40a5-9d19-9ab82d2d398b,13,data/tiles/9ee1203d-29d2-40a5-9d19-9ab82d2d398b/9ee1203d-29d2-40a5-9d19-9ab82d2d398b_x47360_y15872.png,0.011913393624126911,47360,15872,0.7482060790061951,0
9ee1203d-29d2-40a5-9d19-9ab82d2d398b,14,data/tiles/9ee1203d-29d2-40a5-9d19-9ab82d2d398b/9ee1203d-29d2-40a5-9d19-9ab82d2d398b_x46848_y15360.png,0.011764508672058582,46848,15360,0.7482060790061951,0
9ee1203d-29d2-40a5-9d19-9ab82d2d398b,15,data/tiles/9ee1203d-29d2-40a5-9d19-9ab82d2d398b/9ee1203d-29d2-40a5-9d19-9ab82d2d398b_x25344_y8704.png,0.011683503165841103,25344,8704,0.7482060790061951,0
9ee1203d-29d2-40a5-9d19-9ab82d2d398b,16,data/tiles/9ee1203d-29d2-40a5-9d19-9ab82d2d398b/9ee1203d-29d2-40a5-9d19-9ab82d2d398b_x38912_y13568.png,0.011552320793271065,38912,13568,0.7482060790061951,0
8247480c-62fd-4fab-a01c-f5ace891116f,1,data/tiles/8247480c-62fd-4fab-a01c-f5ace891116f/8247480c-62fd-4fab-a01c-f5ace891116f_x4864_y5888.png,0.028130600228905678,4864,5888,0.952235996723175,0
8247480c-62fd-4fab-a01c-f5ace891116f,2,data/tiles/8247480c-62fd-4fab-a01c-f5ace891116f/8247480c-62fd-4fab-a01c-f5ace891116f_x38912_y7168.png,0.02809029445052147,38912,7168,0.952235996723175,0
8247480c-62fd-4fab-a01c-f5ace891116f,3,data/tiles/8247480c-62fd-4fab-a01c-f5ace891116f/8247480c-62fd-4fab-a01c-f5ace891116f_x37120_y7680.png,0.026207441464066505,37120,7680,0.952235996723175,0
8247480c-62fd-4fab-a01c-f5ace891116f,4,data/tiles/8247480c-62fd-4fab-a01c-f5ace891116f/8247480c-62fd-4fab-a01c-f5ace891116f_x8448_y4608.png,0.02601690962910652,8448,4608,0.952235996723175,0
8247480c-62fd-4fab-a01c-f5ace891116f,5,data/tiles/8247480c-62fd-4fab-a01c-f5ace891116f/8247480c-62fd-4fab-a01c-f5ace891116f_x45312_y9984.png,0.024655548855662346,45312,9984,0.952235996723175,0
8247480c-62fd-4fab-a01c-f5ace891116f,6,data/tiles/8247480c-62fd-4fab-a01c-f5ace891116f/8247480c-62fd-4fab-a01c-f5ace891116f_x37888_y5632.png,0.024450501427054405,37888,5632,0.952235996723175,0
8247480c-62fd-4fab-a01c-f5ace891116f,7,data/tiles/8247480c-62fd-4fab-a01c-f5ace891116f/8247480c-62fd-4fab-a01c-f5ace891116f_x37376_y7680.png,0.022045381367206573,37376,7680,0.952235996723175,0
8247480c-62fd-4fab-a01c-f5ace891116f,8,data/tiles/8247480c-62fd-4fab-a01c-f5ace891116f/8247480c-62fd-4fab-a01c-f5ace891116f_x8704_y4864.png,0.021624304354190826,8704,4864,0.952235996723175,0
8247480c-62fd-4fab-a01c-f5ace891116f,9,data/tiles/8247480c-62fd-4fab-a01c-f5ace891116f/8247480c-62fd-4fab-a01c-f5ace891116f_x39936_y5632.png,0.02084963582456112,39936,5632,0.952235996723175,0
8247480c-62fd-4fab-a01c-f5ace891116f,10,data/tiles/8247480c-62fd-4fab-a01c-f5ace891116f/8247480c-62fd-4fab-a01c-f5ace891116f_x39936_y5120.png,0.019284674897789955,39936,5120,0.952235996723175,0
8247480c-62fd-4fab-a01c-f5ace891116f,11,data/tiles/8247480c-62fd-4fab-a01c-f5ace891116f/8247480c-62fd-4fab-a01c-f5ace891116f_x44544_y9216.png,0.018693476915359497,44544,9216,0.952235996723175,0
8247480c-62fd-4fab-a01c-f5ace891116f,12,data/tiles/8247480c-62fd-4fab-a01c-f5ace891116f/8247480c-62fd-4fab-a01c-f5ace891116f_x8704_y3840.png,0.018425457179546356,8704,3840,0.952235996723175,0
8247480c-62fd-4fab-a01c-f5ace891116f,13,data/tiles/8247480c-62fd-4fab-a01c-f5ace891116f/8247480c-62fd-4fab-a01c-f5ace891116f_x3072_y10240.png,0.017223283648490906,3072,10240,0.952235996723175,0
8247480c-62fd-4fab-a01c-f5ace891116f,14,data/tiles/8247480c-62fd-4fab-a01c-f5ace891116f/8247480c-62fd-4fab-a01c-f5ace891116f_x46080_y9728.png,0.016491202637553215,46080,9728,0.952235996723175,0
8247480c-62fd-4fab-a01c-f5ace891116f,15,data/tiles/8247480c-62fd-4fab-a01c-f5ace891116f/8247480c-62fd-4fab-a01c-f5ace891116f_x2816_y12544.png,0.016471514478325844,2816,12544,0.952235996723175,0
8247480c-62fd-4fab-a01c-f5ace891116f,16,data/tiles/8247480c-62fd-4fab-a01c-f5ace891116f/8247480c-62fd-4fab-a01c-f5ace891116f_x45312_y9216.png,0.016264278441667557,45312,9216,0.952235996723175,0
877b5653-c08f-4d59-a9f9-97699bdb38d2,1,data/tiles/877b5653-c08f-4d59-a9f9-97699bdb38d2/877b5653-c08f-4d59-a9f9-97699bdb38d2_x81664_y52736.png,0.00022849225206300616,81664,52736,0.914208173751831,1
877b5653-c08f-4d59-a9f9-97699bdb38d2,2,data/tiles/877b5653-c08f-4d59-a9f9-97699bdb38d2/877b5653-c08f-4d59-a9f9-97699bdb38d2_x63744_y77568.png,0.00022709884797222912,63744,77568,0.914208173751831,1
877b5653-c08f-4d59-a9f9-97699bdb38d2,3,data/tiles/877b5653-c08f-4d59-a9f9-97699bdb38d2/877b5653-c08f-4d59-a9f9-97699bdb38d2_x76544_y81664.png,0.0002267628733534366,76544,81664,0.914208173751831,1
877b5653-c08f-4d59-a9f9-97699bdb38d2,4,data/tiles/877b5653-c08f-4d59-a9f9-97699bdb38d2/877b5653-c08f-4d59-a9f9-97699bdb38d2_x44544_y66816.png,0.00022418395383283496,44544,66816,0.914208173751831,1
877b5653-c08f-4d59-a9f9-97699bdb38d2,5,data/tiles/877b5653-c08f-4d59-a9f9-97699bdb38d2/877b5653-c08f-4d59-a9f9-97699bdb38d2_x44544_y67072.png,0.0002233281556982547,44544,67072,0.914208173751831,1
877b5653-c08f-4d59-a9f9-97699bdb38d2,6,data/tiles/877b5653-c08f-4d59-a9f9-97699bdb38d2/877b5653-c08f-4d59-a9f9-97699bdb38d2_x76544_y81408.png,0.00022260210243985057,76544,81408,0.914208173751831,1
877b5653-c08f-4d59-a9f9-97699bdb38d2,7,data/tiles/877b5653-c08f-4d59-a9f9-97699bdb38d2/877b5653-c08f-4d59-a9f9-97699bdb38d2_x82688_y52736.png,0.00022210717725101858,82688,52736,0.914208173751831,1
877b5653-c08f-4d59-a9f9-97699bdb38d2,8,data/tiles/877b5653-c08f-4d59-a9f9-97699bdb38d2/877b5653-c08f-4d59-a9f9-97699bdb38d2_x76544_y80896.png,0.00022194741177372634,76544,80896,0.914208173751831,1
877b5653-c08f-4d59-a9f9-97699bdb38d2,9,data/tiles/877b5653-c08f-4d59-a9f9-97699bdb38d2/877b5653-c08f-4d59-a9f9-97699bdb38d2_x38400_y40960.png,0.000221158770727925,38400,40960,0.914208173751831,1
877b5653-c08f-4d59-a9f9-97699bdb38d2,10,data/tiles/877b5653-c08f-4d59-a9f9-97699bdb38d2/877b5653-c08f-4d59-a9f9-97699bdb38d2_x48896_y46336.png,0.00022038567112758756,48896,46336,0.914208173751831,1
877b5653-c08f-4d59-a9f9-97699bdb38d2,11,data/tiles/877b5653-c08f-4d59-a9f9-97699bdb38d2/877b5653-c08f-4d59-a9f9-97699bdb38d2_x44288_y67328.png,0.00022033954155631363,44288,67328,0.914208173751831,1
877b5653-c08f-4d59-a9f9-97699bdb38d2,12,data/tiles/877b5653-c08f-4d59-a9f9-97699bdb38d2/877b5653-c08f-4d59-a9f9-97699bdb38d2_x45056_y64768.png,0.0002199328737333417,45056,64768,0.914208173751831,1
877b5653-c08f-4d59-a9f9-97699bdb38d2,13,data/tiles/877b5653-c08f-4d59-a9f9-97699bdb38d2/877b5653-c08f-4d59-a9f9-97699bdb38d2_x50432_y36864.png,0.00021981136524118483,50432,36864,0.914208173751831,1
877b5653-c08f-4d59-a9f9-97699bdb38d2,14,data/tiles/877b5653-c08f-4d59-a9f9-97699bdb38d2/877b5653-c08f-4d59-a9f9-97699bdb38d2_x64000_y77568.png,0.000219510227907449,64000,77568,0.914208173751831,1
877b5653-c08f-4d59-a9f9-97699bdb38d2,15,data/tiles/877b5653-c08f-4d59-a9f9-97699bdb38d2/877b5653-c08f-4d59-a9f9-97699bdb38d2_x64256_y76544.png,0.0002194390690419823,64256,76544,0.914208173751831,1
877b5653-c08f-4d59-a9f9-97699bdb38d2,16,data/tiles/877b5653-c08f-4d59-a9f9-97699bdb38d2/877b5653-c08f-4d59-a9f9-97699bdb38d2_x76544_y81920.png,0.0002192379324696958,76544,81920,0.914208173751831,1
5ab9bb78-d1ad-430e-9603-ce88d4352a92,1,data/tiles/5ab9bb78-d1ad-430e-9603-ce88d4352a92/5ab9bb78-d1ad-430e-9603-ce88d4352a92_x86528_y60160.png,0.00026700750458985567,86528,60160,0.3109900951385498,1
5ab9bb78-d1ad-430e-9603-ce88d4352a92,2,data/tiles/5ab9bb78-d1ad-430e-9603-ce88d4352a92/5ab9bb78-d1ad-430e-9603-ce88d4352a92_x69888_y46592.png,0.00024627731181681156,69888,46592,0.3109900951385498,1
5ab9bb78-d1ad-430e-9603-ce88d4352a92,3,data/tiles/5ab9bb78-d1ad-430e-9603-ce88d4352a92/5ab9bb78-d1ad-430e-9603-ce88d4352a92_x94464_y59136.png,0.00024528324138373137,94464,59136,0.3109900951385498,1
5ab9bb78-d1ad-430e-9603-ce88d4352a92,4,data/tiles/5ab9bb78-d1ad-430e-9603-ce88d4352a92/5ab9bb78-d1ad-430e-9603-ce88d4352a92_x69632_y46848.png,0.00023991176567506045,69632,46848,0.3109900951385498,1
5ab9bb78-d1ad-430e-9603-ce88d4352a92,5,data/tiles/5ab9bb78-d1ad-430e-9603-ce88d4352a92/5ab9bb78-d1ad-430e-9603-ce88d4352a92_x69632_y46080.png,0.00023852038430050015,69632,46080,0.3109900951385498,1
5ab9bb78-d1ad-430e-9603-ce88d4352a92,6,data/tiles/5ab9bb78-d1ad-430e-9603-ce88d4352a92/5ab9bb78-d1ad-430e-9603-ce88d4352a92_x90112_y45824.png,0.00023410169524140656,90112,45824,0.3109900951385498,1
5ab9bb78-d1ad-430e-9603-ce88d4352a92,7,data/tiles/5ab9bb78-d1ad-430e-9603-ce88d4352a92/5ab9bb78-d1ad-430e-9603-ce88d4352a92_x69888_y46080.png,0.00022975291358307004,69888,46080,0.3109900951385498,1
5ab9bb78-d1ad-430e-9603-ce88d4352a92,8,data/tiles/5ab9bb78-d1ad-430e-9603-ce88d4352a92/5ab9bb78-d1ad-430e-9603-ce88d4352a92_x59648_y30720.png,0.00022060559422243387,59648,30720,0.3109900951385498,1
5ab9bb78-d1ad-430e-9603-ce88d4352a92,9,data/tiles/5ab9bb78-d1ad-430e-9603-ce88d4352a92/5ab9bb78-d1ad-430e-9603-ce88d4352a92_x84736_y57344.png,0.00022037062444724143,84736,57344,0.3109900951385498,1
5ab9bb78-d1ad-430e-9603-ce88d4352a92,10,data/tiles/5ab9bb78-d1ad-430e-9603-ce88d4352a92/5ab9bb78-d1ad-430e-9603-ce88d4352a92_x69376_y46848.png,0.00021858500258531421,69376,46848,0.3109900951385498,1
5ab9bb78-d1ad-430e-9603-ce88d4352a92,11,data/tiles/5ab9bb78-d1ad-430e-9603-ce88d4352a92/5ab9bb78-d1ad-430e-9603-ce88d4352a92_x85760_y56064.png,0.00021851924248039722,85760,56064,0.3109900951385498,1
5ab9bb78-d1ad-430e-9603-ce88d4352a92,12,data/tiles/5ab9bb78-d1ad-430e-9603-ce88d4352a92/5ab9bb78-d1ad-430e-9603-ce88d4352a92_x18176_y26368.png,0.0002176663838326931,18176,26368,0.3109900951385498,1
5ab9bb78-d1ad-430e-9603-ce88d4352a92,13,data/tiles/5ab9bb78-d1ad-430e-9603-ce88d4352a92/5ab9bb78-d1ad-430e-9603-ce88d4352a92_x85248_y58368.png,0.00021721981465816498,85248,58368,0.3109900951385498,1
5ab9bb78-d1ad-430e-9603-ce88d4352a92,14,data/tiles/5ab9bb78-d1ad-430e-9603-ce88d4352a92/5ab9bb78-d1ad-430e-9603-ce88d4352a92_x92160_y41216.png,0.0002135528629878536,92160,41216,0.3109900951385498,1
5ab9bb78-d1ad-430e-9603-ce88d4352a92,15,data/tiles/5ab9bb78-d1ad-430e-9603-ce88d4352a92/5ab9bb78-d1ad-430e-9603-ce88d4352a92_x84992_y42240.png,0.00021349980670493096,84992,42240,0.3109900951385498,1
5ab9bb78-d1ad-430e-9603-ce88d4352a92,16,data/tiles/5ab9bb78-d1ad-430e-9603-ce88d4352a92/5ab9bb78-d1ad-430e-9603-ce88d4352a92_x85760_y55808.png,0.0002126288163708523,85760,55808,0.3109900951385498,1
1d31d57b-0807-4c39-8d20-6dbae2596348,1,data/tiles/1d31d57b-0807-4c39-8d20-6dbae2596348/1d31d57b-0807-4c39-8d20-6dbae2596348_x10752_y13312.png,0.00609182845801115,10752,13312,0.4429587721824646,0
1d31d57b-0807-4c39-8d20-6dbae2596348,2,data/tiles/1d31d57b-0807-4c39-8d20-6dbae2596348/1d31d57b-0807-4c39-8d20-6dbae2596348_x11264_y13312.png,0.0056277187541127205,11264,13312,0.4429587721824646,0
1d31d57b-0807-4c39-8d20-6dbae2596348,3,data/tiles/1d31d57b-0807-4c39-8d20-6dbae2596348/1d31d57b-0807-4c39-8d20-6dbae2596348_x9216_y13824.png,0.005080364644527435,9216,13824,0.4429587721824646,0
1d31d57b-0807-4c39-8d20-6dbae2596348,4,data/tiles/1d31d57b-0807-4c39-8d20-6dbae2596348/1d31d57b-0807-4c39-8d20-6dbae2596348_x10240_y13568.png,0.004479965195059776,10240,13568,0.4429587721824646,0
1d31d57b-0807-4c39-8d20-6dbae2596348,5,data/tiles/1d31d57b-0807-4c39-8d20-6dbae2596348/1d31d57b-0807-4c39-8d20-6dbae2596348_x10496_y14080.png,0.004140695556998253,10496,14080,0.4429587721824646,0
1d31d57b-0807-4c39-8d20-6dbae2596348,6,data/tiles/1d31d57b-0807-4c39-8d20-6dbae2596348/1d31d57b-0807-4c39-8d20-6dbae2596348_x38400_y2304.png,0.0041386643424630165,38400,2304,0.4429587721824646,0
1d31d57b-0807-4c39-8d20-6dbae2596348,7,data/tiles/1d31d57b-0807-4c39-8d20-6dbae2596348/1d31d57b-0807-4c39-8d20-6dbae2596348_x11008_y13568.png,0.004103252664208412,11008,13568,0.4429587721824646,0
1d31d57b-0807-4c39-8d20-6dbae2596348,8,data/tiles/1d31d57b-0807-4c39-8d20-6dbae2596348/1d31d57b-0807-4c39-8d20-6dbae2596348_x39168_y9472.png,0.003962285816669464,39168,9472,0.4429587721824646,0
1d31d57b-0807-4c39-8d20-6dbae2596348,9,data/tiles/1d31d57b-0807-4c39-8d20-6dbae2596348/1d31d57b-0807-4c39-8d20-6dbae2596348_x38912_y9728.png,0.003923578187823296,38912,9728,0.4429587721824646,0
1d31d57b-0807-4c39-8d20-6dbae2596348,10,data/tiles/1d31d57b-0807-4c39-8d20-6dbae2596348/1d31d57b-0807-4c39-8d20-6dbae2596348_x10496_y14336.png,0.0038981919642537832,10496,14336,0.4429587721824646,0
1d31d57b-0807-4c39-8d20-6dbae2596348,11,data/tiles/1d31d57b-0807-4c39-8d20-6dbae2596348/1d31d57b-0807-4c39-8d20-6dbae2596348_x35840_y7424.png,0.003822876140475273,35840,7424,0.4429587721824646,0
1d31d57b-0807-4c39-8d20-6dbae2596348,12,data/tiles/1d31d57b-0807-4c39-8d20-6dbae2596348/1d31d57b-0807-4c39-8d20-6dbae2596348_x40448_y2304.png,0.0038214398082345724,40448,2304,0.4429587721824646,0
1d31d57b-0807-4c39-8d20-6dbae2596348,13,data/tiles/1d31d57b-0807-4c39-8d20-6dbae2596348/1d31d57b-0807-4c39-8d20-6dbae2596348_x36864_y9216.png,0.0037859054282307625,36864,9216,0.4429587721824646,0
1d31d57b-0807-4c39-8d20-6dbae2596348,14,data/tiles/1d31d57b-0807-4c39-8d20-6dbae2596348/1d31d57b-0807-4c39-8d20-6dbae2596348_x37376_y7680.png,0.003775692544877529,37376,7680,0.4429587721824646,0
1d31d57b-0807-4c39-8d20-6dbae2596348,15,data/tiles/1d31d57b-0807-4c39-8d20-6dbae2596348/1d31d57b-0807-4c39-8d20-6dbae2596348_x9472_y10496.png,0.003629123093560338,9472,10496,0.4429587721824646,0
1d31d57b-0807-4c39-8d20-6dbae2596348,16,data/tiles/1d31d57b-0807-4c39-8d20-6dbae2596348/1d31d57b-0807-4c39-8d20-6dbae2596348_x39936_y2304.png,0.0036236641462892294,39936,2304,0.4429587721824646,0
262b8c2d-7c66-403b-827f-e870d6c1155d,1,data/tiles/262b8c2d-7c66-403b-827f-e870d6c1155d/262b8c2d-7c66-403b-827f-e870d6c1155d_x57600_y7168.png,0.03649924695491791,57600,7168,0.7595664858818054,0
262b8c2d-7c66-403b-827f-e870d6c1155d,2,data/tiles/262b8c2d-7c66-403b-827f-e870d6c1155d/262b8c2d-7c66-403b-827f-e870d6c1155d_x37376_y9984.png,0.03588971123099327,37376,9984,0.7595664858818054,0
262b8c2d-7c66-403b-827f-e870d6c1155d,3,data/tiles/262b8c2d-7c66-403b-827f-e870d6c1155d/262b8c2d-7c66-403b-827f-e870d6c1155d_x52224_y3328.png,0.033023808151483536,52224,3328,0.7595664858818054,0
262b8c2d-7c66-403b-827f-e870d6c1155d,4,data/tiles/262b8c2d-7c66-403b-827f-e870d6c1155d/262b8c2d-7c66-403b-827f-e870d6c1155d_x3584_y4608.png,0.032806117087602615,3584,4608,0.7595664858818054,0
262b8c2d-7c66-403b-827f-e870d6c1155d,5,data/tiles/262b8c2d-7c66-403b-827f-e870d6c1155d/262b8c2d-7c66-403b-827f-e870d6c1155d_x6400_y4608.png,0.03054128773510456,6400,4608,0.7595664858818054,0
262b8c2d-7c66-403b-827f-e870d6c1155d,6,data/tiles/262b8c2d-7c66-403b-827f-e870d6c1155d/262b8c2d-7c66-403b-827f-e870d6c1155d_x18176_y8448.png,0.027146346867084503,18176,8448,0.7595664858818054,0
262b8c2d-7c66-403b-827f-e870d6c1155d,7,data/tiles/262b8c2d-7c66-403b-827f-e870d6c1155d/262b8c2d-7c66-403b-827f-e870d6c1155d_x2560_y6400.png,0.026442375034093857,2560,6400,0.7595664858818054,0
262b8c2d-7c66-403b-827f-e870d6c1155d,8,data/tiles/262b8c2d-7c66-403b-827f-e870d6c1155d/262b8c2d-7c66-403b-827f-e870d6c1155d_x50688_y3072.png,0.020634859800338745,50688,3072,0.7595664858818054,0
262b8c2d-7c66-403b-827f-e870d6c1155d,9,data/tiles/262b8c2d-7c66-403b-827f-e870d6c1155d/262b8c2d-7c66-403b-827f-e870d6c1155d_x36352_y8960.png,0.020159924402832985,36352,8960,0.7595664858818054,0
262b8c2d-7c66-403b-827f-e870d6c1155d,10,data/tiles/262b8c2d-7c66-403b-827f-e870d6c1155d/262b8c2d-7c66-403b-827f-e870d6c1155d_x16128_y3072.png,0.020078865811228752,16128,3072,0.7595664858818054,0
262b8c2d-7c66-403b-827f-e870d6c1155d,11,data/tiles/262b8c2d-7c66-403b-827f-e870d6c1155d/262b8c2d-7c66-403b-827f-e870d6c1155d_x32000_y3584.png,0.01986389420926571,32000,3584,0.7595664858818054,0
262b8c2d-7c66-403b-827f-e870d6c1155d,12,data/tiles/262b8c2d-7c66-403b-827f-e870d6c1155d/262b8c2d-7c66-403b-827f-e870d6c1155d_x11264_y4864.png,0.01967708393931389,11264,4864,0.7595664858818054,0
262b8c2d-7c66-403b-827f-e870d6c1155d,13,data/tiles/262b8c2d-7c66-403b-827f-e870d6c1155d/262b8c2d-7c66-403b-827f-e870d6c1155d_x37120_y10496.png,0.01937522552907467,37120,10496,0.7595664858818054,0
262b8c2d-7c66-403b-827f-e870d6c1155d,14,data/tiles/262b8c2d-7c66-403b-827f-e870d6c1155d/262b8c2d-7c66-403b-827f-e870d6c1155d_x15616_y8448.png,0.01845928467810154,15616,8448,0.7595664858818054,0
262b8c2d-7c66-403b-827f-e870d6c1155d,15,data/tiles/262b8c2d-7c66-403b-827f-e870d6c1155d/262b8c2d-7c66-403b-827f-e870d6c1155d_x12288_y3584.png,0.017862889915704727,12288,3584,0.7595664858818054,0
262b8c2d-7c66-403b-827f-e870d6c1155d,16,data/tiles/262b8c2d-7c66-403b-827f-e870d6c1155d/262b8c2d-7c66-403b-827f-e870d6c1155d_x17920_y8704.png,0.01616351492702961,17920,8704,0.7595664858818054,0
901db421-4fc8-4dcb-895f-98697c7718ad,1,data/tiles/901db421-4fc8-4dcb-895f-98697c7718ad/901db421-4fc8-4dcb-895f-98697c7718ad_x5120_y2048.png,0.04782142490148544,5120,2048,0.7861456274986267,0
901db421-4fc8-4dcb-895f-98697c7718ad,2,data/tiles/901db421-4fc8-4dcb-895f-98697c7718ad/901db421-4fc8-4dcb-895f-98697c7718ad_x4096_y1280.png,0.042686738073825836,4096,1280,0.7861456274986267,0
901db421-4fc8-4dcb-895f-98697c7718ad,3,data/tiles/901db421-4fc8-4dcb-895f-98697c7718ad/901db421-4fc8-4dcb-895f-98697c7718ad_x5632_y3584.png,0.03717636689543724,5632,3584,0.7861456274986267,0
901db421-4fc8-4dcb-895f-98697c7718ad,4,data/tiles/901db421-4fc8-4dcb-895f-98697c7718ad/901db421-4fc8-4dcb-895f-98697c7718ad_x4864_y1536.png,0.034016240388154984,4864,1536,0.7861456274986267,0
901db421-4fc8-4dcb-895f-98697c7718ad,5,data/tiles/901db421-4fc8-4dcb-895f-98697c7718ad/901db421-4fc8-4dcb-895f-98697c7718ad_x5120_y1792.png,0.033254705369472504,5120,1792,0.7861456274986267,0
901db421-4fc8-4dcb-895f-98697c7718ad,6,data/tiles/901db421-4fc8-4dcb-895f-98697c7718ad/901db421-4fc8-4dcb-895f-98697c7718ad_x53760_y6912.png,0.02927703969180584,53760,6912,0.7861456274986267,0
901db421-4fc8-4dcb-895f-98697c7718ad,7,data/tiles/901db421-4fc8-4dcb-895f-98697c7718ad/901db421-4fc8-4dcb-895f-98697c7718ad_x4864_y2048.png,0.029192103073000908,4864,2048,0.7861456274986267,0
901db421-4fc8-4dcb-895f-98697c7718ad,8,data/tiles/901db421-4fc8-4dcb-895f-98697c7718ad/901db421-4fc8-4dcb-895f-98697c7718ad_x4608_y1792.png,0.02898782305419445,4608,1792,0.7861456274986267,0
901db421-4fc8-4dcb-895f-98697c7718ad,9,data/tiles/901db421-4fc8-4dcb-895f-98697c7718ad/901db421-4fc8-4dcb-895f-98697c7718ad_x53760_y7168.png,0.02889607474207878,53760,7168,0.7861456274986267,0
901db421-4fc8-4dcb-895f-98697c7718ad,10,data/tiles/901db421-4fc8-4dcb-895f-98697c7718ad/901db421-4fc8-4dcb-895f-98697c7718ad_x5376_y1792.png,0.024098604917526245,5376,1792,0.7861456274986267,0
901db421-4fc8-4dcb-895f-98697c7718ad,11,data/tiles/901db421-4fc8-4dcb-895f-98697c7718ad/901db421-4fc8-4dcb-895f-98697c7718ad_x55808_y11264.png,0.022913208231329918,55808,11264,0.7861456274986267,0
901db421-4fc8-4dcb-895f-98697c7718ad,12,data/tiles/901db421-4fc8-4dcb-895f-98697c7718ad/901db421-4fc8-4dcb-895f-98697c7718ad_x3840_y1280.png,0.021904269233345985,3840,1280,0.7861456274986267,0
901db421-4fc8-4dcb-895f-98697c7718ad,13,data/tiles/901db421-4fc8-4dcb-895f-98697c7718ad/901db421-4fc8-4dcb-895f-98697c7718ad_x5376_y2048.png,0.021568428725004196,5376,2048,0.7861456274986267,0
901db421-4fc8-4dcb-895f-98697c7718ad,14,data/tiles/901db421-4fc8-4dcb-895f-98697c7718ad/901db421-4fc8-4dcb-895f-98697c7718ad_x4864_y1792.png,0.020092085003852844,4864,1792,0.7861456274986267,0
901db421-4fc8-4dcb-895f-98697c7718ad,15,data/tiles/901db421-4fc8-4dcb-895f-98697c7718ad/901db421-4fc8-4dcb-895f-98697c7718ad_x30720_y11008.png,0.019830061122775078,30720,11008,0.7861456274986267,0
901db421-4fc8-4dcb-895f-98697c7718ad,16,data/tiles/901db421-4fc8-4dcb-895f-98697c7718ad/901db421-4fc8-4dcb-895f-98697c7718ad_x4608_y1536.png,0.01961638778448105,4608,1536,0.7861456274986267,0
